id,title,description,startDate,dueDate,status,ownerId,deleted,createdAt,updatedAt
proj-001,Website Redesign,Complete overhaul of the company website with modern design,2025-04-24,2025-05-24,ACTIVE,user-001,0,2025-04-24 12:44:30,2025-04-24 12:44:30
proj-002,Mobile App Development,Create a companion mobile app for our main service,2025-04-14,2025-06-23,ACTIVE,user-001,0,2025-04-24 12:44:30,2025-04-24 12:44:30
proj-003,Content Marketing Campaign,Develop and execute Q2 content marketing strategy,2025-04-19,2025-06-08,ACTIVE,user-001,0,2025-04-24 12:44:30,2025-04-24 12:44:30
proj-004,Database Migration,Migrate from MySQL to PostgreSQL,2025-03-25,2025-04-19,COMPLETED,user-001,0,2025-04-24 12:44:30,2025-04-24 12:44:30
proj-005,User Research Study,Conduct user interviews and usability testing,2025-02-23,2025-04-09,ARCHIVED,user-001,0,2025-04-24 12:44:30,2025-04-24 12:44:30
